PR,URL,Title,Content type,Is rendered page,HTTP status code,No. of content words,Page text,Extracted text (raw <body>) (length),Text hash,Meta description,H1,Organic traffic,Is indexable page
39,https://utahwatergardens.com/pond-services/harvesting,"Pond Services in Harvesting, Utah | Utah Water Gardens | Utah Water Gardens",text/html; charset=utf-8,true,200,1584,<truncated>,11442,2682822406441066579,"Professional pond services in Harvesting, Utah. Pond design, construction, maintenance, and cleaning. Licensed & insured. Call (801) 590-8516 for consultation.",Traditional pond-services Craftsmanship in Harvesting,0,true
39,https://utahwatergardens.com/resources/troubleshooting,Pond Troubleshooting Guide | Common Pond Problems | Utah Water Gardens | Utah Water Gardens,text/html; charset=utf-8,true,200,1830,<truncated>,12788,17849965555222583590,Comprehensive pond troubleshooting guide. Solutions to common pond problems and maintenance issues.,Pond Troubleshooting,0,true
39,https://utahwatergardens.com/contact,,text/html; charset=utf-8,true,200,18,<truncated>,113,13969125393900506670,,,0,true
20,https://utahwatergardens.com/service-areas/cedar-hills,"Pond Services in Cedar Hills, Utah | Utah Water Gardens | Utah Water Gardens",text/html; charset=utf-8,true,200,1650,<truncated>,11506,16654491792610507046,"Professional pond services in Cedar Hills, Utah. Pond design, construction, maintenance, and cleaning. Licensed & insured. Call (801) 590-8516 for consultation.",Precision service-areas Engineering for Cedar Hills,0,true
20,https://utahwatergardens.com/service-areas/farmington,"Pond Services in Farmington, Utah | Utah Water Gardens | Utah Water Gardens",text/html; charset=utf-8,true,200,1590,<truncated>,11459,3691340710618148902,"Professional pond services in Farmington, Utah. Pond design, construction, maintenance, and cleaning. Licensed & insured. Call (801) 590-8516 for consultation.",Time-Honored service-areas Solutions in Farmington,0,true
20,https://utahwatergardens.com/service-areas/south-jordan,"Pond Services in South Jordan, Utah | Utah Water Gardens | Utah Water Gardens",text/html; charset=utf-8,true,200,1664,<truncated>,11583,2493576463527751169,"Professional pond services in South Jordan, Utah. Pond design, construction, maintenance, and cleaning. Licensed & insured. Call (801) 590-8516 for consultation.",Your Local South Jordan service-areas Specialists,0,true
20,https://utahwatergardens.com/service-areas/tooele,"Pond Services in Tooele, Utah | Utah Water Gardens | Utah Water Gardens",text/html; charset=utf-8,true,200,1592,<truncated>,11216,17391972187660742289,"Professional pond services in Tooele, Utah. Pond design, construction, maintenance, and cleaning. Licensed & insured. Call (801) 590-8516 for consultation.",Precision service-areas Engineering for Tooele,0,true
20,https://utahwatergardens.com/service-areas/washington,"Pond Services in Washington, Utah | Utah Water Gardens | Utah Water Gardens",text/html; charset=utf-8,true,200,1604,<truncated>,11545,17235238175183789998,"Professional pond services in Washington, Utah. Pond design, construction, maintenance, and cleaning. Licensed & insured. Call (801) 590-8516 for consultation.","Premier service-areas Services in Washington, Utah",0,true
20,https://utahwatergardens.com/service-areas/ivins,"Pond Services in Ivins, Utah | Utah Water Gardens | Utah Water Gardens",text/html; charset=utf-8,true,200,1592,<truncated>,11158,1237196902104330691,"Professional pond services in Ivins, Utah. Pond design, construction, maintenance, and cleaning. Licensed & insured. Call (801) 590-8516 for consultation.",Precision service-areas Engineering for Ivins,0,true
20,https://utahwatergardens.com/service-areas/stansbury-park,"Pond Services in Stansbury Park, Utah | Utah Water Gardens | Utah Water Gardens",text/html; charset=utf-8,true,200,1642,<truncated>,11674,17206326692187067349,"Professional pond services in Stansbury Park, Utah. Pond design, construction, maintenance, and cleaning. Licensed & insured. Call (801) 590-8516 for consultation.",Traditional service-areas Craftsmanship in Stansbury Park,0,true
20,https://utahwatergardens.com/service-areas/peoa,"Pond Services in Peoa, Utah | Utah Water Gardens | Utah Water Gardens",text/html; charset=utf-8,true,200,1606,<truncated>,11119,997433887550561288,"Professional pond services in Peoa, Utah. Pond design, construction, maintenance, and cleaning. Licensed & insured. Call (801) 590-8516 for consultation.",Your Local Peoa service-areas Specialists,0,true
20,https://utahwatergardens.com/service-areas/cottonwood-heights,"Pond Services in Cottonwood Heights, Utah | Utah Water Gardens | Utah Water Gardens",text/html; charset=utf-8,true,200,1652,<truncated>,11925,2816906720582531843,"Professional pond services in Cottonwood Heights, Utah. Pond design, construction, maintenance, and cleaning. Licensed & insured. Call (801) 590-8516 for consultation.",Harmonious service-areas Design for Cottonwood Heights,0,true
20,https://utahwatergardens.com/service-areas/heber-city,"Pond Services in Heber City, Utah | Utah Water Gardens | Utah Water Gardens",text/html; charset=utf-8,true,200,1649,<truncated>,11416,1734336626387525306,"Professional pond services in Heber City, Utah. Pond design, construction, maintenance, and cleaning. Licensed & insured. Call (801) 590-8516 for consultation.",Heritage service-areas Services for Heber City,0,true
20,https://utahwatergardens.com/service-areas/grantsville,"Pond Services in Grantsville, Utah | Utah Water Gardens | Utah Water Gardens",text/html; charset=utf-8,true,200,1592,<truncated>,11519,17656110754450757589,"Professional pond services in Grantsville, Utah. Pond design, construction, maintenance, and cleaning. Licensed & insured. Call (801) 590-8516 for consultation.",Advanced service-areas Technology in Grantsville,0,true
20,https://utahwatergardens.com/service-areas/nephi,"Pond Services in Nephi, Utah | Utah Water Gardens | Utah Water Gardens",text/html; charset=utf-8,true,200,1595,<truncated>,11173,17189853823349222120,"Professional pond services in Nephi, Utah. Pond design, construction, maintenance, and cleaning. Licensed & insured. Call (801) 590-8516 for consultation.",Creating Beautiful Water Features in Nephi,0,true
20,https://utahwatergardens.com/service-areas/ibapah,"Pond Services in Ibapah, Utah | Utah Water Gardens | Utah Water Gardens",text/html; charset=utf-8,true,200,1592,<truncated>,11229,3537123761946698391,"Professional pond services in Ibapah, Utah. Pond design, construction, maintenance, and cleaning. Licensed & insured. Call (801) 590-8516 for consultation.",Advanced service-areas Technology in Ibapah,0,true
20,https://utahwatergardens.com/service-areas/mesquite,"Pond Services in Mesquite, Utah | Utah Water Gardens | Utah Water Gardens",text/html; charset=utf-8,true,200,1588,<truncated>,11330,14030633011016208943,"Professional pond services in Mesquite, Utah. Pond design, construction, maintenance, and cleaning. Licensed & insured. Call (801) 590-8516 for consultation.",State-of-the-Art service-areas Solutions in Mesquite,0,true
20,https://utahwatergardens.com/service-areas/springville,"Pond Services in Springville, Utah | Utah Water Gardens | Utah Water Gardens",text/html; charset=utf-8,true,200,1591,<truncated>,11474,14568586985627565320,"Professional pond services in Springville, Utah. Pond design, construction, maintenance, and cleaning. Licensed & insured. Call (801) 590-8516 for consultation.",Heritage service-areas Services for Springville,0,true
20,https://utahwatergardens.com/service-areas/bluffdale,"Pond Services in Bluffdale, Utah | Utah Water Gardens | Utah Water Gardens",text/html; charset=utf-8,true,200,1606,<truncated>,11409,16630930841547288467,"Professional pond services in Bluffdale, Utah. Pond design, construction, maintenance, and cleaning. Licensed & insured. Call (801) 590-8516 for consultation.",Your Local Bluffdale service-areas Specialists,0,true
20,https://utahwatergardens.com/service-areas/american-fork,"Pond Services in American Fork, Utah | Utah Water Gardens | Utah Water Gardens",text/html; charset=utf-8,true,200,1646,<truncated>,11650,2423382248778817288,"Professional pond services in American Fork, Utah. Pond design, construction, maintenance, and cleaning. Licensed & insured. Call (801) 590-8516 for consultation.",Natural service-areas Solutions in American Fork,0,true
20,https://utahwatergardens.com/service-areas/mapleton,"Pond Services in Mapleton, Utah | Utah Water Gardens | Utah Water Gardens",text/html; charset=utf-8,true,200,1612,<truncated>,11469,386730460761538787,"Professional pond services in Mapleton, Utah. Pond design, construction, maintenance, and cleaning. Licensed & insured. Call (801) 590-8516 for consultation.",Expert service-areas Solutions for Mapleton,0,true
20,https://utahwatergardens.com/service-areas/cedar-city,"Pond Services in Cedar City, Utah | Utah Water Gardens | Utah Water Gardens",text/html; charset=utf-8,true,200,1668,<truncated>,11631,2970252386743156721,"Professional pond services in Cedar City, Utah. Pond design, construction, maintenance, and cleaning. Licensed & insured. Call (801) 590-8516 for consultation.",Professional service-areas Services in Cedar City,0,true
20,https://utahwatergardens.com/service-areas/salt-lake-city,"Pond Services in Salt Lake City, Utah | Utah Water Gardens | Utah Water Gardens",text/html; charset=utf-8,true,200,1727,<truncated>,11867,1385135672495065945,"Professional pond services in Salt Lake City, Utah. Pond design, construction, maintenance, and cleaning. Licensed & insured. Call (801) 590-8516 for consultation.",Professional service-areas Services in Salt Lake City,0,true
20,https://utahwatergardens.com/service-areas/stockton,"Pond Services in Stockton, Utah | Utah Water Gardens | Utah Water Gardens",text/html; charset=utf-8,true,200,1591,<truncated>,11300,2414565811802513429,"Professional pond services in Stockton, Utah. Pond design, construction, maintenance, and cleaning. Licensed & insured. Call (801) 590-8516 for consultation.",Heritage service-areas Services for Stockton,0,true
20,https://utahwatergardens.com/service-areas/alpine,"Pond Services in Alpine, Utah | Utah Water Gardens | Utah Water Gardens",text/html; charset=utf-8,true,200,1592,<truncated>,11216,1236616454865934324,"Professional pond services in Alpine, Utah. Pond design, construction, maintenance, and cleaning. Licensed & insured. Call (801) 590-8516 for consultation.",Precision service-areas Engineering for Alpine,0,true
20,https://utahwatergardens.com/service-areas/clinton,"Pond Services in Clinton, Utah | Utah Water Gardens | Utah Water Gardens",text/html; charset=utf-8,true,200,1592,<truncated>,11287,16619733090997488665,"Professional pond services in Clinton, Utah. Pond design, construction, maintenance, and cleaning. Licensed & insured. Call (801) 590-8516 for consultation.",Advanced service-areas Technology in Clinton,0,true
20,https://utahwatergardens.com/service-areas/kaysville,"Pond Services in Kaysville, Utah | Utah Water Gardens | Utah Water Gardens",text/html; charset=utf-8,true,200,1612,<truncated>,11527,17756038741284679699,"Professional pond services in Kaysville, Utah. Pond design, construction, maintenance, and cleaning. Licensed & insured. Call (801) 590-8516 for consultation.",Expert service-areas Solutions for Kaysville,0,true
20,https://utahwatergardens.com/service-areas/francis,"Pond Services in Francis, Utah | Utah Water Gardens | Utah Water Gardens",text/html; charset=utf-8,true,200,1609,<truncated>,11454,3592165184084973636,"Professional pond services in Francis, Utah. Pond design, construction, maintenance, and cleaning. Licensed & insured. Call (801) 590-8516 for consultation.",Professional service-areas Services in Francis,0,true
20,https://utahwatergardens.com/service-areas/draper,"Pond Services in Draper, Utah | Utah Water Gardens | Utah Water Gardens",text/html; charset=utf-8,true,200,1588,<truncated>,11216,17836042395755514240,"Professional pond services in Draper, Utah. Pond design, construction, maintenance, and cleaning. Licensed & insured. Call (801) 590-8516 for consultation.",State-of-the-Art service-areas Solutions in Draper,0,true
20,https://utahwatergardens.com/service-areas/riverdale,"Pond Services in Riverdale, Utah | Utah Water Gardens | Utah Water Gardens",text/html; charset=utf-8,true,200,1592,<truncated>,11390,16122097978249931501,"Professional pond services in Riverdale, Utah. Pond design, construction, maintenance, and cleaning. Licensed & insured. Call (801) 590-8516 for consultation.",Precision service-areas Engineering for Riverdale,0,true
20,https://utahwatergardens.com/service-areas/pleasant-grove,"Pond Services in Pleasant Grove, Utah | Utah Water Gardens | Utah Water Gardens",text/html; charset=utf-8,true,200,1650,<truncated>,11680,16302495599658598646,"Professional pond services in Pleasant Grove, Utah. Pond design, construction, maintenance, and cleaning. Licensed & insured. Call (801) 590-8516 for consultation.",Precision service-areas Engineering for Pleasant Grove,0,true
20,https://utahwatergardens.com/service-areas/coalville,"Pond Services in Coalville, Utah | Utah Water Gardens | Utah Water Gardens",text/html; charset=utf-8,true,200,1591,<truncated>,11358,15282668531363579107,"Professional pond services in Coalville, Utah. Pond design, construction, maintenance, and cleaning. Licensed & insured. Call (801) 590-8516 for consultation.",Heritage service-areas Services for Coalville,0,true
20,https://utahwatergardens.com/service-areas/bountiful,"Pond Services in Bountiful, Utah | Utah Water Gardens | Utah Water Gardens",text/html; charset=utf-8,true,200,1592,<truncated>,11390,791625103957808574,"Professional pond services in Bountiful, Utah. Pond design, construction, maintenance, and cleaning. Licensed & insured. Call (801) 590-8516 for consultation.",Precision service-areas Engineering for Bountiful,0,true
20,https://utahwatergardens.com/service-areas/vernon,"Pond Services in Vernon, Utah | Utah Water Gardens | Utah Water Gardens",text/html; charset=utf-8,true,200,1588,<truncated>,11244,14089682039177351615,"Professional pond services in Vernon, Utah. Pond design, construction, maintenance, and cleaning. Licensed & insured. Call (801) 590-8516 for consultation.",Natural service-areas Solutions in Vernon,0,true
20,https://utahwatergardens.com/service-areas/ogden,"Pond Services in Ogden, Utah | Utah Water Gardens | Utah Water Gardens",text/html; charset=utf-8,true,200,1609,<truncated>,11336,17181060491440288246,"Professional pond services in Ogden, Utah. Pond design, construction, maintenance, and cleaning. Licensed & insured. Call (801) 590-8516 for consultation.",Professional service-areas Services in Ogden,0,true
20,https://utahwatergardens.com/service-areas/la-verkin,"Pond Services in La Verkin, Utah | Utah Water Gardens | Utah Water Gardens",text/html; charset=utf-8,true,200,1653,<truncated>,11405,17683239032694776808,"Professional pond services in La Verkin, Utah. Pond design, construction, maintenance, and cleaning. Licensed & insured. Call (801) 590-8516 for consultation.",Creating Beautiful Water Features in La Verkin,0,true
20,https://utahwatergardens.com/plants-fish/all,"Pond Services in All, Utah | Utah Water Gardens | Utah Water Gardens",text/html; charset=utf-8,true,200,1592,<truncated>,11014,14739703632547313556,"Professional pond services in All, Utah. Pond design, construction, maintenance, and cleaning. Licensed & insured. Call (801) 590-8516 for consultation.",Precision plants-fish Engineering for All,0,true
20,https://utahwatergardens.com/service-areas/hurricane,"Pond Services in Hurricane, Utah | Utah Water Gardens | Utah Water Gardens",text/html; charset=utf-8,true,200,1612,<truncated>,11527,16971308919466293203,"Professional pond services in Hurricane, Utah. Pond design, construction, maintenance, and cleaning. Licensed & insured. Call (801) 590-8516 for consultation.",Expert service-areas Solutions for Hurricane,0,true
20,https://utahwatergardens.com/service-areas/midvale,"Pond Services in Midvale, Utah | Utah Water Gardens | Utah Water Gardens",text/html; charset=utf-8,true,200,1612,<truncated>,11411,17215711818201338430,"Professional pond services in Midvale, Utah. Pond design, construction, maintenance, and cleaning. Licensed & insured. Call (801) 590-8516 for consultation.",Expert service-areas Solutions for Midvale,0,true
20,https://utahwatergardens.com/service-areas/provo,"Pond Services in Provo, Utah | Utah Water Gardens | Utah Water Gardens",text/html; charset=utf-8,true,200,1598,<truncated>,11147,1447667791664643631,"Professional pond services in Provo, Utah. Pond design, construction, maintenance, and cleaning. Licensed & insured. Call (801) 590-8516 for consultation.",Trusted service-areas Services in Provo,0,true
20,https://utahwatergardens.com/service-areas/herriman,"Pond Services in Herriman, Utah | Utah Water Gardens | Utah Water Gardens",text/html; charset=utf-8,true,200,1590,<truncated>,11343,16832419293695776331,"Professional pond services in Herriman, Utah. Pond design, construction, maintenance, and cleaning. Licensed & insured. Call (801) 590-8516 for consultation.",Time-Honored service-areas Solutions in Herriman,0,true
20,https://utahwatergardens.com/service-areas/north-salt-lake,"Pond Services in North Salt Lake, Utah | Utah Water Gardens | Utah Water Gardens",text/html; charset=utf-8,true,200,1708,<truncated>,11738,14838088865324095420,"Professional pond services in North Salt Lake, Utah. Pond design, construction, maintenance, and cleaning. Licensed & insured. Call (801) 590-8516 for consultation.",Precision service-areas Engineering for North Salt Lake,0,true
20,https://utahwatergardens.com/service-areas/santa-clara,"Pond Services in Santa Clara, Utah | Utah Water Gardens | Utah Water Gardens",text/html; charset=utf-8,true,200,1646,<truncated>,11534,3401767210320362149,"Professional pond services in Santa Clara, Utah. Pond design, construction, maintenance, and cleaning. Licensed & insured. Call (801) 590-8516 for consultation.",Natural service-areas Solutions in Santa Clara,0,true
20,https://utahwatergardens.com/service-areas/cedar-valley,"Pond Services in Cedar Valley, Utah | Utah Water Gardens | Utah Water Gardens",text/html; charset=utf-8,true,200,1650,<truncated>,11564,1510737509220192552,"Professional pond services in Cedar Valley, Utah. Pond design, construction, maintenance, and cleaning. Licensed & insured. Call (801) 590-8516 for consultation.",Precision service-areas Engineering for Cedar Valley,0,true
20,https://utahwatergardens.com/service-areas/genola,"Pond Services in Genola, Utah | Utah Water Gardens | Utah Water Gardens",text/html; charset=utf-8,true,200,1606,<truncated>,11235,4358581026719174290,"Professional pond services in Genola, Utah. Pond design, construction, maintenance, and cleaning. Licensed & insured. Call (801) 590-8516 for consultation.",Your Local Genola service-areas Specialists,0,true
20,https://utahwatergardens.com/service-areas/springdale,"Pond Services in Springdale, Utah | Utah Water Gardens | Utah Water Gardens",text/html; charset=utf-8,true,200,1595,<truncated>,11463,1296601590999066265,"Professional pond services in Springdale, Utah. Pond design, construction, maintenance, and cleaning. Licensed & insured. Call (801) 590-8516 for consultation.",Creating Beautiful Water Features in Springdale,0,true
20,https://utahwatergardens.com/service-areas/north-ogden,"Pond Services in North Ogden, Utah | Utah Water Gardens | Utah Water Gardens",text/html; charset=utf-8,true,200,1650,<truncated>,11506,17691973988714504962,"Professional pond services in North Ogden, Utah. Pond design, construction, maintenance, and cleaning. Licensed & insured. Call (801) 590-8516 for consultation.",Precision service-areas Engineering for North Ogden,0,true
20,https://utahwatergardens.com/service-areas/roy,"Pond Services in Roy, Utah | Utah Water Gardens | Utah Water Gardens",text/html; charset=utf-8,true,200,1606,<truncated>,11061,15709597961919449353,"Professional pond services in Roy, Utah. Pond design, construction, maintenance, and cleaning. Licensed & insured. Call (801) 590-8516 for consultation.",Your Local Roy service-areas Specialists,0,true
20,https://utahwatergardens.com/service-areas/fillmore,"Pond Services in Fillmore, Utah | Utah Water Gardens | Utah Water Gardens",text/html; charset=utf-8,true,200,1592,<truncated>,11332,14918663407984384416,"Professional pond services in Fillmore, Utah. Pond design, construction, maintenance, and cleaning. Licensed & insured. Call (801) 590-8516 for consultation.",Precision service-areas Engineering for Fillmore,0,true
20,https://utahwatergardens.com/service-areas/beaver,"Pond Services in Beaver, Utah | Utah Water Gardens | Utah Water Gardens",text/html; charset=utf-8,true,200,1594,<truncated>,11229,212506860058248196,"Professional pond services in Beaver, Utah. Pond design, construction, maintenance, and cleaning. Licensed & insured. Call (801) 590-8516 for consultation.",Harmonious service-areas Design for Beaver,0,true
20,https://utahwatergardens.com/service-areas/oakley,"Pond Services in Oakley, Utah | Utah Water Gardens | Utah Water Gardens",text/html; charset=utf-8,true,200,1606,<truncated>,11235,18373899444835508614,"Professional pond services in Oakley, Utah. Pond design, construction, maintenance, and cleaning. Licensed & insured. Call (801) 590-8516 for consultation.",Your Local Oakley service-areas Specialists,0,true
20,https://utahwatergardens.com/service-areas/pepperwood,"Pond Services in Pepperwood, Utah | Utah Water Gardens | Utah Water Gardens",text/html; charset=utf-8,true,200,1594,<truncated>,11461,17411605653376047706,"Professional pond services in Pepperwood, Utah. Pond design, construction, maintenance, and cleaning. Licensed & insured. Call (801) 590-8516 for consultation.",Harmonious service-areas Design for Pepperwood,0,true
20,https://utahwatergardens.com/service-areas/eagle-mountain,"Pond Services in Eagle Mountain, Utah | Utah Water Gardens | Utah Water Gardens",text/html; charset=utf-8,true,200,1646,<truncated>,11708,15187010975284855744,"Professional pond services in Eagle Mountain, Utah. Pond design, construction, maintenance, and cleaning. Licensed & insured. Call (801) 590-8516 for consultation.",Natural service-areas Solutions in Eagle Mountain,0,true
20,https://utahwatergardens.com/service-areas/richfield,"Pond Services in Richfield, Utah | Utah Water Gardens | Utah Water Gardens",text/html; charset=utf-8,true,200,1590,<truncated>,11401,16924573467298284643,"Professional pond services in Richfield, Utah. Pond design, construction, maintenance, and cleaning. Licensed & insured. Call (801) 590-8516 for consultation.",Time-Honored service-areas Solutions in Richfield,0,true
20,https://utahwatergardens.com/service-areas/orem,"Pond Services in Orem, Utah | Utah Water Gardens | Utah Water Gardens",text/html; charset=utf-8,true,200,1609,<truncated>,11277,2579610906526785053,"Professional pond services in Orem, Utah. Pond design, construction, maintenance, and cleaning. Licensed & insured. Call (801) 590-8516 for consultation.",Professional service-areas Services in Orem,0,true
20,https://utahwatergardens.com/service-areas/woods-cross,"Pond Services in Woods Cross, Utah | Utah Water Gardens | Utah Water Gardens",text/html; charset=utf-8,true,200,1646,<truncated>,11534,15730484596088961556,"Professional pond services in Woods Cross, Utah. Pond design, construction, maintenance, and cleaning. Licensed & insured. Call (801) 590-8516 for consultation.",Natural service-areas Solutions in Woods Cross,0,true
20,https://utahwatergardens.com/service-areas/lake-point,"Pond Services in Lake Point, Utah | Utah Water Gardens | Utah Water Gardens",text/html; charset=utf-8,true,200,1670,<truncated>,11585,1288615251513207907,"Professional pond services in Lake Point, Utah. Pond design, construction, maintenance, and cleaning. Licensed & insured. Call (801) 590-8516 for consultation.",Expert service-areas Solutions for Lake Point,0,true
20,https://utahwatergardens.com/service-areas/millcreek,"Pond Services in Millcreek, Utah | Utah Water Gardens | Utah Water Gardens",text/html; charset=utf-8,true,200,1590,<truncated>,11401,1214025754362477036,"Professional pond services in Millcreek, Utah. Pond design, construction, maintenance, and cleaning. Licensed & insured. Call (801) 590-8516 for consultation.",Time-Honored service-areas Solutions in Millcreek,0,true
20,https://utahwatergardens.com/team/plant-experts,,text/html; charset=utf-8,true,200,264,<truncated>,1777,1666821562040387399,,,0,true
20,https://utahwatergardens.com/service-areas/holladay,"Pond Services in Holladay, Utah | Utah Water Gardens | Utah Water Gardens",text/html; charset=utf-8,true,200,1584,<truncated>,11326,237072887925607926,"Professional pond services in Holladay, Utah. Pond design, construction, maintenance, and cleaning. Licensed & insured. Call (801) 590-8516 for consultation.",Traditional service-areas Craftsmanship in Holladay,0,true
20,https://utahwatergardens.com/pond-services/water-quality-testing,"Pond Services in Water Quality Testing, Utah | Utah Water Gardens | Utah Water Gardens",text/html; charset=utf-8,true,200,1702,<truncated>,12071,3626087519632054654,"Professional pond services in Water Quality Testing, Utah. Pond design, construction, maintenance, and cleaning. Licensed & insured. Call (801) 590-8516 for consultation.",State-of-the-Art pond-services Solutions in Water Quality Testing,0,true
20,https://utahwatergardens.com/service-areas/delta,"Pond Services in Delta, Utah | Utah Water Gardens | Utah Water Gardens",text/html; charset=utf-8,true,200,1588,<truncated>,11186,167070174650149752,"Professional pond services in Delta, Utah. Pond design, construction, maintenance, and cleaning. Licensed & insured. Call (801) 590-8516 for consultation.",Natural service-areas Solutions in Delta,0,true
20,https://utahwatergardens.com/service-areas/highland,"Pond Services in Highland, Utah | Utah Water Gardens | Utah Water Gardens",text/html; charset=utf-8,true,200,1588,<truncated>,11330,2436675744365409312,"Professional pond services in Highland, Utah. Pond design, construction, maintenance, and cleaning. Licensed & insured. Call (801) 590-8516 for consultation.",State-of-the-Art service-areas Solutions in Highland,0,true
20,https://utahwatergardens.com/service-areas/dugway,"Pond Services in Dugway, Utah | Utah Water Gardens | Utah Water Gardens",text/html; charset=utf-8,true,200,1591,<truncated>,11184,1394907607034931010,"Professional pond services in Dugway, Utah. Pond design, construction, maintenance, and cleaning. Licensed & insured. Call (801) 590-8516 for consultation.",Heritage service-areas Services for Dugway,0,true
20,https://utahwatergardens.com/service-areas/erda,"Pond Services in Erda, Utah | Utah Water Gardens | Utah Water Gardens",text/html; charset=utf-8,true,200,1595,<truncated>,11115,17767997329736842398,"Professional pond services in Erda, Utah. Pond design, construction, maintenance, and cleaning. Licensed & insured. Call (801) 590-8516 for consultation.",Creating Beautiful Water Features in Erda,0,true
20,https://utahwatergardens.com/service-areas/salina,"Pond Services in Salina, Utah | Utah Water Gardens | Utah Water Gardens",text/html; charset=utf-8,true,200,1590,<truncated>,11227,507895073657609852,"Professional pond services in Salina, Utah. Pond design, construction, maintenance, and cleaning. Licensed & insured. Call (801) 590-8516 for consultation.",Time-Honored service-areas Solutions in Salina,0,true
20,https://utahwatergardens.com/service-areas/pleasant-view,"Pond Services in Pleasant View, Utah | Utah Water Gardens | Utah Water Gardens",text/html; charset=utf-8,true,200,1668,<truncated>,11808,17245446772349937855,"Professional pond services in Pleasant View, Utah. Pond design, construction, maintenance, and cleaning. Licensed & insured. Call (801) 590-8516 for consultation.",Professional service-areas Services in Pleasant View,0,true
20,https://utahwatergardens.com/service-areas/lehi,"Pond Services in Lehi, Utah | Utah Water Gardens | Utah Water Gardens",text/html; charset=utf-8,true,200,1592,<truncated>,11100,14533594098072861601,"Professional pond services in Lehi, Utah. Pond design, construction, maintenance, and cleaning. Licensed & insured. Call (801) 590-8516 for consultation.",Precision service-areas Engineering for Lehi,0,true
20,https://utahwatergardens.com/service-areas/snyderville,"Pond Services in Snyderville, Utah | Utah Water Gardens | Utah Water Gardens",text/html; charset=utf-8,true,200,1591,<truncated>,11474,14840049532964179891,"Professional pond services in Snyderville, Utah. Pond design, construction, maintenance, and cleaning. Licensed & insured. Call (801) 590-8516 for consultation.",Heritage service-areas Services for Snyderville,0,true
20,https://utahwatergardens.com/service-areas/kearns,"Pond Services in Kearns, Utah | Utah Water Gardens | Utah Water Gardens",text/html; charset=utf-8,true,200,1594,<truncated>,11229,14133784234470619776,"Professional pond services in Kearns, Utah. Pond design, construction, maintenance, and cleaning. Licensed & insured. Call (801) 590-8516 for consultation.",Harmonious service-areas Design for Kearns,0,true
20,https://utahwatergardens.com/service-areas/midway,"Pond Services in Midway, Utah | Utah Water Gardens | Utah Water Gardens",text/html; charset=utf-8,true,200,1612,<truncated>,11353,1822206710904440606,"Professional pond services in Midway, Utah. Pond design, construction, maintenance, and cleaning. Licensed & insured. Call (801) 590-8516 for consultation.",Expert service-areas Solutions for Midway,0,true
20,https://utahwatergardens.com/service-areas/st-george,"Pond Services in St George, Utah | Utah Water Gardens | Utah Water Gardens",text/html; charset=utf-8,true,200,1664,<truncated>,11409,1559866099649031491,"Professional pond services in St George, Utah. Pond design, construction, maintenance, and cleaning. Licensed & insured. Call (801) 590-8516 for consultation.",Your Local St George service-areas Specialists,0,true
20,https://utahwatergardens.com/service-areas/manti,"Pond Services in Manti, Utah | Utah Water Gardens | Utah Water Gardens",text/html; charset=utf-8,true,200,1588,<truncated>,11186,3876097817543236956,"Professional pond services in Manti, Utah. Pond design, construction, maintenance, and cleaning. Licensed & insured. Call (801) 590-8516 for consultation.",Natural service-areas Solutions in Manti,0,true
20,https://utahwatergardens.com/service-areas/clearfield,"Pond Services in Clearfield, Utah | Utah Water Gardens | Utah Water Gardens",text/html; charset=utf-8,true,200,1584,<truncated>,11442,2679132316790546933,"Professional pond services in Clearfield, Utah. Pond design, construction, maintenance, and cleaning. Licensed & insured. Call (801) 590-8516 for consultation.",Traditional service-areas Craftsmanship in Clearfield,0,true
20,https://utahwatergardens.com/service-areas/west-jordan,"Pond Services in West Jordan, Utah | Utah Water Gardens | Utah Water Gardens",text/html; charset=utf-8,true,200,1645,<truncated>,11501,3546015880132559785,"Professional pond services in West Jordan, Utah. Pond design, construction, maintenance, and cleaning. Licensed & insured. Call (801) 590-8516 for consultation.",State-of-the-Art service-areas Solutions in West Jordan,0,true
20,https://utahwatergardens.com/service-areas/saratoga-springs,"Pond Services in Saratoga Springs, Utah | Utah Water Gardens | Utah Water Gardens",text/html; charset=utf-8,true,200,1650,<truncated>,11796,527862903139748004,"Professional pond services in Saratoga Springs, Utah. Pond design, construction, maintenance, and cleaning. Licensed & insured. Call (801) 590-8516 for consultation.",Precision service-areas Engineering for Saratoga Springs,0,true
20,https://utahwatergardens.com/service-areas/wendover,"Pond Services in Wendover, Utah | Utah Water Gardens | Utah Water Gardens",text/html; charset=utf-8,true,200,1609,<truncated>,11513,2429110223678981443,"Professional pond services in Wendover, Utah. Pond design, construction, maintenance, and cleaning. Licensed & insured. Call (801) 590-8516 for consultation.",Professional service-areas Services in Wendover,0,true
20,https://utahwatergardens.com/service-areas/murray,"Pond Services in Murray, Utah | Utah Water Gardens | Utah Water Gardens",text/html; charset=utf-8,true,200,1591,<truncated>,11184,15305609523243503559,"Professional pond services in Murray, Utah. Pond design, construction, maintenance, and cleaning. Licensed & insured. Call (801) 590-8516 for consultation.",Heritage service-areas Services for Murray,0,true
20,https://utahwatergardens.com/service-areas/ephraim,"Pond Services in Ephraim, Utah | Utah Water Gardens | Utah Water Gardens",text/html; charset=utf-8,true,200,1609,<truncated>,11454,184574626391787214,"Professional pond services in Ephraim, Utah. Pond design, construction, maintenance, and cleaning. Licensed & insured. Call (801) 590-8516 for consultation.",Professional service-areas Services in Ephraim,0,true
20,https://utahwatergardens.com/service-areas/lindon,"Pond Services in Lindon, Utah | Utah Water Gardens | Utah Water Gardens",text/html; charset=utf-8,true,200,1594,<truncated>,11229,16161206188043425717,"Professional pond services in Lindon, Utah. Pond design, construction, maintenance, and cleaning. Licensed & insured. Call (801) 590-8516 for consultation.",Harmonious service-areas Design for Lindon,0,true
20,https://utahwatergardens.com/service-areas/riverton,"Pond Services in Riverton, Utah | Utah Water Gardens | Utah Water Gardens",text/html; charset=utf-8,true,200,1590,<truncated>,11343,2419195288201638607,"Professional pond services in Riverton, Utah. Pond design, construction, maintenance, and cleaning. Licensed & insured. Call (801) 590-8516 for consultation.",Time-Honored service-areas Solutions in Riverton,0,true
20,https://utahwatergardens.com/pond-services/dredging,"Pond Services in Dredging, Utah | Utah Water Gardens | Utah Water Gardens",text/html; charset=utf-8,true,200,1584,<truncated>,11326,2235068863588837218,"Professional pond services in Dredging, Utah. Pond design, construction, maintenance, and cleaning. Licensed & insured. Call (801) 590-8516 for consultation.",Traditional pond-services Craftsmanship in Dredging,0,true
20,https://utahwatergardens.com/service-areas/washington-terrace,"Pond Services in Washington Terrace, Utah | Utah Water Gardens | Utah Water Gardens",text/html; charset=utf-8,true,200,1656,<truncated>,11901,4176536896354810854,"Professional pond services in Washington Terrace, Utah. Pond design, construction, maintenance, and cleaning. Licensed & insured. Call (801) 590-8516 for consultation.",Trusted service-areas Services in Washington Terrace,0,true
20,https://utahwatergardens.com/service-areas/goshen,"Pond Services in Goshen, Utah | Utah Water Gardens | Utah Water Gardens",text/html; charset=utf-8,true,200,1594,<truncated>,11229,17155151384396828099,"Professional pond services in Goshen, Utah. Pond design, construction, maintenance, and cleaning. Licensed & insured. Call (801) 590-8516 for consultation.",Harmonious service-areas Design for Goshen,0,true
20,https://utahwatergardens.com/service-areas/taylorsville,"Pond Services in Taylorsville, Utah | Utah Water Gardens | Utah Water Gardens",text/html; charset=utf-8,true,200,1604,<truncated>,11661,14432519484564068638,"Professional pond services in Taylorsville, Utah. Pond design, construction, maintenance, and cleaning. Licensed & insured. Call (801) 590-8516 for consultation.","Premier service-areas Services in Taylorsville, Utah",0,true
20,https://utahwatergardens.com/service-areas/virgin,"Pond Services in Virgin, Utah | Utah Water Gardens | Utah Water Gardens",text/html; charset=utf-8,true,200,1612,<truncated>,11298,4428979912758185673,"Professional pond services in Virgin, Utah. Pond design, construction, maintenance, and cleaning. Licensed & insured. Call (801) 590-8516 for consultation.",Serving Virgin with Quality service-areas Care,0,true
20,https://utahwatergardens.com/service-areas/layton,"Pond Services in Layton, Utah | Utah Water Gardens | Utah Water Gardens",text/html; charset=utf-8,true,200,1592,<truncated>,11216,4016889984237746672,"Professional pond services in Layton, Utah. Pond design, construction, maintenance, and cleaning. Licensed & insured. Call (801) 590-8516 for consultation.",Precision service-areas Engineering for Layton,0,true
20,https://utahwatergardens.com/service-areas/parowan,"Pond Services in Parowan, Utah | Utah Water Gardens | Utah Water Gardens",text/html; charset=utf-8,true,200,1590,<truncated>,11285,1604727909523454665,"Professional pond services in Parowan, Utah. Pond design, construction, maintenance, and cleaning. Licensed & insured. Call (801) 590-8516 for consultation.",Time-Honored service-areas Solutions in Parowan,0,true
20,https://utahwatergardens.com/service-areas/park-city,"Pond Services in Park City, Utah | Utah Water Gardens | Utah Water Gardens",text/html; charset=utf-8,true,200,1656,<truncated>,11379,14490149214798091677,"Professional pond services in Park City, Utah. Pond design, construction, maintenance, and cleaning. Licensed & insured. Call (801) 590-8516 for consultation.",Trusted service-areas Services in Park City,0,true
20,https://utahwatergardens.com/service-areas/spanish-fork,"Pond Services in Spanish Fork, Utah | Utah Water Gardens | Utah Water Gardens",text/html; charset=utf-8,true,200,1650,<truncated>,11564,2182923128019470783,"Professional pond services in Spanish Fork, Utah. Pond design, construction, maintenance, and cleaning. Licensed & insured. Call (801) 590-8516 for consultation.",Precision service-areas Engineering for Spanish Fork,0,true
20,https://utahwatergardens.com/service-areas/sandy,"Pond Services in Sandy, Utah | Utah Water Gardens | Utah Water Gardens",text/html; charset=utf-8,true,200,1592,<truncated>,11171,17562301628267422300,"Professional pond services in Sandy, Utah. Pond design, construction, maintenance, and cleaning. Licensed & insured. Call (801) 590-8516 for consultation.",Advanced service-areas Technology in Sandy,0,true
20,https://utahwatergardens.com/service-areas/payson,"Pond Services in Payson, Utah | Utah Water Gardens | Utah Water Gardens",text/html; charset=utf-8,true,200,1612,<truncated>,11353,16863908057461446966,"Professional pond services in Payson, Utah. Pond design, construction, maintenance, and cleaning. Licensed & insured. Call (801) 590-8516 for consultation.",Expert service-areas Solutions for Payson,0,true
20,https://utahwatergardens.com/pond-services/water-testing,"Pond Services in Water Testing, Utah | Utah Water Gardens | Utah Water Gardens",text/html; charset=utf-8,true,200,1653,<truncated>,11637,15435455280495404307,"Professional pond services in Water Testing, Utah. Pond design, construction, maintenance, and cleaning. Licensed & insured. Call (801) 590-8516 for consultation.",Creating Beautiful Water Features in Water Testing,0,true
20,https://utahwatergardens.com/service-areas/leeds,"Pond Services in Leeds, Utah | Utah Water Gardens | Utah Water Gardens",text/html; charset=utf-8,true,200,1609,<truncated>,11336,16365525864203242166,"Professional pond services in Leeds, Utah. Pond design, construction, maintenance, and cleaning. Licensed & insured. Call (801) 590-8516 for consultation.",Professional service-areas Services in Leeds,0,true
20,https://utahwatergardens.com/service-areas/kamas,"Pond Services in Kamas, Utah | Utah Water Gardens | Utah Water Gardens",text/html; charset=utf-8,true,200,1609,<truncated>,11336,2083149014397366610,"Professional pond services in Kamas, Utah. Pond design, construction, maintenance, and cleaning. Licensed & insured. Call (801) 590-8516 for consultation.",Professional service-areas Services in Kamas,0,true
20,https://utahwatergardens.com/service-areas/red-ledges,"Pond Services in Red Ledges, Utah | Utah Water Gardens | Utah Water Gardens",text/html; charset=utf-8,true,200,1650,<truncated>,11448,525925402070151786,"Professional pond services in Red Ledges, Utah. Pond design, construction, maintenance, and cleaning. Licensed & insured. Call (801) 590-8516 for consultation.",Precision service-areas Engineering for Red Ledges,0,true
20,https://utahwatergardens.com/service-areas/south-ogden,"Pond Services in South Ogden, Utah | Utah Water Gardens | Utah Water Gardens",text/html; charset=utf-8,true,200,1653,<truncated>,11521,17837358522617040497,"Professional pond services in South Ogden, Utah. Pond design, construction, maintenance, and cleaning. Licensed & insured. Call (801) 590-8516 for consultation.",Creating Beautiful Water Features in South Ogden,0,true
20,https://utahwatergardens.com/service-areas/samak,"Pond Services in Samak, Utah | Utah Water Gardens | Utah Water Gardens",text/html; charset=utf-8,true,200,1609,<truncated>,11336,2436555747380110686,"Professional pond services in Samak, Utah. Pond design, construction, maintenance, and cleaning. Licensed & insured. Call (801) 590-8516 for consultation.",Professional service-areas Services in Samak,0,true
20,https://utahwatergardens.com/service-areas/centerville,"Pond Services in Centerville, Utah | Utah Water Gardens | Utah Water Gardens",text/html; charset=utf-8,true,200,1592,<truncated>,11519,1993728867717599899,"Professional pond services in Centerville, Utah. Pond design, construction, maintenance, and cleaning. Licensed & insured. Call (801) 590-8516 for consultation.",Advanced service-areas Technology in Centerville,0,true
20,https://utahwatergardens.com/service-areas/milford,"Pond Services in Milford, Utah | Utah Water Gardens | Utah Water Gardens",text/html; charset=utf-8,true,200,1612,<truncated>,11358,1050475456852187493,"Professional pond services in Milford, Utah. Pond design, construction, maintenance, and cleaning. Licensed & insured. Call (801) 590-8516 for consultation.",Serving Milford with Quality service-areas Care,0,true
20,https://utahwatergardens.com/service-areas/mona,"Pond Services in Mona, Utah | Utah Water Gardens | Utah Water Gardens",text/html; charset=utf-8,true,200,1595,<truncated>,11115,1745960589159254044,"Professional pond services in Mona, Utah. Pond design, construction, maintenance, and cleaning. Licensed & insured. Call (801) 590-8516 for consultation.",Creating Beautiful Water Features in Mona,0,true
20,https://utahwatergardens.com/service-areas/west-valley-city,"Pond Services in West Valley City, Utah | Utah Water Gardens | Utah Water Gardens",text/html; charset=utf-8,true,200,1700,<truncated>,11790,15057038189093086331,"Professional pond services in West Valley City, Utah. Pond design, construction, maintenance, and cleaning. Licensed & insured. Call (801) 590-8516 for consultation.",Traditional service-areas Craftsmanship in West Valley City,0,true
20,https://utahwatergardens.com/service-areas/salem,"Pond Services in Salem, Utah | Utah Water Gardens | Utah Water Gardens",text/html; charset=utf-8,true,200,1604,<truncated>,11255,43758744785734671,"Professional pond services in Salem, Utah. Pond design, construction, maintenance, and cleaning. Licensed & insured. Call (801) 590-8516 for consultation.","Premier service-areas Services in Salem, Utah",0,true
20,https://utahwatergardens.com/service-areas/woodland-hills,"Pond Services in Woodland Hills, Utah | Utah Water Gardens | Utah Water Gardens",text/html; charset=utf-8,true,200,1649,<truncated>,11648,1753533462469547347,"Professional pond services in Woodland Hills, Utah. Pond design, construction, maintenance, and cleaning. Licensed & insured. Call (801) 590-8516 for consultation.",Heritage service-areas Services for Woodland Hills,0,true
20,https://utahwatergardens.com/service-areas/enoch,"Pond Services in Enoch, Utah | Utah Water Gardens | Utah Water Gardens",text/html; charset=utf-8,true,200,1609,<truncated>,11336,15705808250578240482,"Professional pond services in Enoch, Utah. Pond design, construction, maintenance, and cleaning. Licensed & insured. Call (801) 590-8516 for consultation.",Professional service-areas Services in Enoch,0,true
20,https://utahwatergardens.com/service-areas/magna,"Pond Services in Magna, Utah | Utah Water Gardens | Utah Water Gardens",text/html; charset=utf-8,true,200,1612,<truncated>,11238,3336102842824200166,"Professional pond services in Magna, Utah. Pond design, construction, maintenance, and cleaning. Licensed & insured. Call (801) 590-8516 for consultation.",Serving Magna with Quality service-areas Care,0,true
20,https://utahwatergardens.com/service-areas/syracuse,"Pond Services in Syracuse, Utah | Utah Water Gardens | Utah Water Gardens",text/html; charset=utf-8,true,200,1588,<truncated>,11360,3273304870576737123,"Professional pond services in Syracuse, Utah. Pond design, construction, maintenance, and cleaning. Licensed & insured. Call (801) 590-8516 for consultation.",Natural service-areas Solutions in Syracuse,0,true
20,https://utahwatergardens.com/service-areas/hoytsville,"Pond Services in Hoytsville, Utah | Utah Water Gardens | Utah Water Gardens",text/html; charset=utf-8,true,200,1598,<truncated>,11437,4462381578032604072,"Professional pond services in Hoytsville, Utah. Pond design, construction, maintenance, and cleaning. Licensed & insured. Call (801) 590-8516 for consultation.",Trusted service-areas Services in Hoytsville,0,true
